artist,player,song,pid,time
Brotha Lynch Hung,James Worthy,My World,13292,1568755909.5685158
03 Greedo,Bobby Brown,Bet I Walk,13297,1568755919.9422526
Crooked I,Bonzi Wells,Shot Ya,13295,1568755935.0692286
Crooked I,Mitch Richmond,Baggy Jeans Era,13295,1568755937.1512983
Crooked I,Ben Simmons,Baggy Jeans Era,13295,1568755937.1514273
Fredro Starr,Gilbert Arenas,The Legacy,13287,1568755944.0891974
Fredro Starr,Gilbert Arenas,The Legacy,13287,1568755946.7681327
Doe B,Mario Chalmers,Turn Up,13288,1568755954.6124277
Doe B,James Worthy,Turn Up,13288,1568755954.6125567
Doe B,Tyson Chandler,Patrick Swayze,13288,1568755963.0172281
2 Chainz,Kevin Durant,Good Drank,13297,1568755968.5122743
2 Chainz,Michael Phelps,Ali Bomaye,13297,1568755983.3120453
French Montana,Marcus Camby,WHO DO U LOVE?,13287,1568756005.1034207
Dom Kennedy,Taj Gibson,The Hook Up,13288,1568756005.6701236
French Montana,Ben Wallace,No Shopping,13287,1568756011.6177883
Dom Kennedy,Kevin Durant,Dusk 2 Dusk,13288,1568756011.9015546
French Montana,Karl Malone,A Lie,13287,1568756015.8660746
French Montana,Dirk Nowitzki,Moses,13287,1568756019.3060315
Domo Genesis,Bobby Brown,Bitches,13288,1568756036.440772
21 Savage,Reggie Miller,BBO (Bad Bitches Only),13297,1568756038.8484247
Domo Genesis,Jerome Kersey,Polo Sweater,13288,1568756049.1433303
Bumpy Knuckles,Gary Harris,Industry Shakedown,13292,1568756052.323619
Don Cannon,Reggie Miller,Big Money,13288,1568756052.371095
Froggy Fresh,Gary Payton,Dunked on 2,13287,1568756073.6833487
Froggy Fresh,Vince Carter,Zombie in My Basement,13287,1568756077.7667859
Donnis,Charles Barkley,Mr. Alladatshit,13288,1568756079.7446988
Froggy Fresh,Jimmy Butler,Jimmy Butler Is Your Father,13287,1568756081.317074
Froggy Fresh,Jimmy Butler,Jimmy Butler Is Your Father,13287,1568756081.3172538
Froggy Fresh,Jimmy Butler,Jimmy Butler Is Your Father,13287,1568756081.317394
Froggy Fresh,Jimmy Butler,Jimmy Butler Is Your Father,13287,1568756081.3175266
Froggy Fresh,Jimmy Butler,Jimmy Butler Is Your Father,13287,1568756081.31766
Froggy Fresh,Michael Jordan,Coolest Guys,13287,1568756084.3281968
Froggy Fresh,Michael Jordan,Coolest Guys,13287,1568756084.3283715
Froggy Fresh,Kobe Bryant,Coolest Guys,13287,1568756084.3285084
Froggy Fresh,Derrick Rose,Halloween III,13287,1568756092.292008
Bahamadia,Larry Nance,3 Tha Hard Way,13291,1568756095.0905643
40 Glocc,Anfernee Hardaway,Murda Murda,13297,1568756097.044896
40 Glocc,Anfernee Hardaway,Murda Murda,13297,1568756097.629722
Dorrough,Michael Jordan,Drive Reckless,13288,1568756098.1670778
Cyhi the Prynce,Michael Jordan,Nu Africa,13295,1568756106.621763
Cyhi the Prynce,Magic Johnson,Nu Africa,13295,1568756106.6219
40 Glocc,Anfernee Hardaway,Murda Murda,13297,1568756109.5747838
40 Glocc,Anfernee Hardaway,Murda Murda,13297,1568756110.1819835
Cyhi the Prynce,Michael Jordan,Nu Africa,13295,1568756111.24333
Cyhi the Prynce,Magic Johnson,Nu Africa,13295,1568756111.243505
Funkmaster Flex,Mario Elie,Loud Hangover,13287,1568756123.5897574
50 Cent,Mike Jackson,Westside Story,13297,1568756129.8725886
6ix9ine,Tracy McGrady,WAKA,13297,1568756148.1658778
Bushwick Bill,Danny Ainge,Subliminal Criminal,13292,1568756148.5406222
6ix9ine,Joe Young,Tsunami 2.0,13297,1568756169.951662
6ix9ine,Joe Young,Tsunami 2.0,13297,1568756169.9517987
6ix9ine,Joe Young,Tsunami 2.0,13297,1568756169.9518971
6ix9ine,Stephen Curry,MOOKY,13297,1568756171.0496857
Beanie Sigel,Carl Thomas,One Shot Deal,13291,1568756171.0924919
Beanie Sigel,Bobby Brown,Heavy Artillery,13291,1568756173.3107128
Beanie Sigel,Larry Hughes,Raw & Uncut,13291,1568756173.951172
Beanie Sigel,Scottie Pippen,Raw & Uncut,13291,1568756173.9513013
G. Dep,Charles Jordan,The Mall,13287,1568756185.4605298
Dr. Dre,Kareem Abdul-Jabbar,Light Speed,13288,1568756186.02797
Dr. Dre,Vince Carter,Some L.A. Niggaz,13288,1568756187.3328822
G Herbo,Wilt Chamberlain,Wilt Chamberlin,13287,1568756203.7305195
Benny Blanco,John Stockton,Shake That,13291,1568756212.927478
Benny Blanco,Michael Jordan,Benny Blanco,13291,1568756214.2087793
Benny Blanco,Michael Jordan,Benny Blanco,13291,1568756215.914378
Benny Blanco,Michael Jordan,Benny Blanco,13291,1568756217.254868
Benny Blanco,Michael Jordan,Benny Blanco,13291,1568756218.5521061
Benny Blanco,Michael Jordan,Benny Blanco,13291,1568756220.0278656
G Herbo,Julius Erving,Who Run It (Remix),13287,1568756226.649188
9lokkNine,Scottie Pippen,Fiesta,13297,1568756232.7465444
C-Rayz Walz,Rasheed Wallace,Chorus III,13292,1568756233.886933
C-Rayz Walz,John Starks,Chorus V,13292,1568756236.2346308
Droop-E,Charles Barkley,Spend The Night,13288,1568756292.9686458
Droop-E,Charles Barkley,Spend The Night,13288,1568756295.9759462
Cam'ron,Steve Francis,Come Home With Me,13292,1568756297.4862924
Canibus,Jimmy Jones,Fantastic 4,13292,1568756308.070836
DaBaby,Patrick Ewing,Goin Baby,13295,1568756312.2276387
Canibus,Yao Ming,Canibus /\ Cambatta,13292,1568756323.953645
Big Daddy Kane,Michael Jordan,Show & Prove,13291,1568756334.0367434
Ab-Soul,Kyle Lowry,Really Doe,13297,1568756353.591201
A Boogie wit da Hoodie,Tracy McGrady,WAKA,13297,1568756381.036707
A Boogie wit da Hoodie,Michael Jordan,Fall in Love,13297,1568756391.8124716
Casey Veggies,Larry Johnson,Hive,13292,1568756392.0821521
Casey Veggies,Carmelo Anthony,Parking Lot,13292,1568756393.6491518
Big Hawk,Reggie Miller,Heavy Weighters,13291,1568756397.6850991
E-40,Michael Jordan,Big Deal,13288,1568756400.7627842
E-40,Michael Jordan,Big Deal,13288,1568756400.7629197
Casey Veggies,Draymond Green,Stupidly Crazy,13292,1568756404.1292272
Big K.R.I.T.,Chris Paul,I Been Waitin,13291,1568756412.2035866
Big K.R.I.T.,Chris Paul,I Been Waitin,13291,1568756412.203722
Casey Veggies,Larry Johnson,Hive,13292,1568756417.8823323
Gee Money,Michael Phelps,I Love Pussy,13287,1568756430.406732
Earl Sweatshirt,Vince Carter,Chum,13288,1568756438.5065129
Earl Sweatshirt,Larry Johnson,Hive,13288,1568756439.6400337
Earl Sweatshirt,Kyle Lowry,Really Doe,13288,1568756447.3777227
Action Bronson,Magic Johnson,Easy Rider,13297,1568756471.234137
Action Bronson,Derek Harper,Cocoa Butter,13297,1568756475.423608
Ghostface Killah,Pat Riley,Party Over Here,13287,1568756484.549367
Damian Lillard,Jerry Sloan,Wasatch Front,13295,1568756503.2529147
Damian Lillard,Jerry Sloan,Wasatch Front,13295,1568756503.2530837
Damian Lillard,Jerry Sloan,Wasatch Front,13295,1568756503.2532177
Damian Lillard,Jerry Sloan,Wasatch Front,13295,1568756503.2533472
El Da Sensei,Jeremy Lin,The 90's Are Back Pt. 2,13288,1568756532.1038852
Chamillionaire,Yao Ming,Pimp Mode,13292,1568756625.5889237
GoldLink,Kyrie Irving,I Can Feel It,13287,1568756625.7269726
Chance the Rapper,Jack Nichols,I Might Need Security,13292,1568756656.333889
Grafh,Richard Hamilton,What a Difference,13287,1568756663.3101628
Big Pun,Jimmy Jones,Fantastic 4,13291,1568756682.3814228
David Banner,Lamar Odom,Who Want It,13295,1568756732.2838979
Chevy Woods,Kevin Love,Gang Shit Only,13292,1568756741.5727599
David Banner,Michael Jordan,Elvis,13295,1568756765.3846598
Alex Wiley,Tyronn Lue,Claire,13297,1568756791.8720026
Fabolous,Paul Pierce,You Be Killin Em,13288,1568756794.4366782
Chiddy Bang,Mike Conley,Handclaps & Guitars,13292,1568756799.3611066
Fabolous,Mike Brown,Ball Drop,13288,1568756805.1510077
Chiddy Bang,Charles Barkley,Mind Your Manners (feat. Travie McCoy & Icona Pop) [Clean],13292,1568756812.4783666
Chiddy Bang,Kendrick Perkins,Spotify Freestyle,13292,1568756816.00243
Chiddy Bang,Blake Griffin,Spotify Freestyle,13292,1568756816.0025659
Famous Dex,Scottie Pippen,Drip From My Walk,13288,1568756825.5865865
Chief Keef,James Harden,TiP TOE 3,13292,1568756833.72781
Chief Keef,James Harden,TiP TOE 3,13292,1568756838.41197
Aminé,Ben Simmons,STFU2,13297,1568756902.594062
Gucci Mane,Kevin Durant,Good Drank,13287,1568756914.7125793
Dej Loaf,Pat Riley,Hey There,13295,1568756915.6527011
Gudda Gudda,Scottie Pippen,Gunwalk,13287,1568756919.9491622
Gudda Gudda,Scottie Pippen,Gunwalk,13287,1568756920.7927022
Gudda Gudda,Chris Paul,Dedication 3,13287,1568756925.484016
Gudda Gudda,Scottie Pippen,Gunwalk,13287,1568756928.8938196
Gudda Gudda,Tyson Chandler,The Other Side,13287,1568756932.2988157
Bishop Nehru,Reggie Miller,Potassium,13291,1568756936.6307213
Gudda Gudda,Roy Hibbert,Fresher Than Ever,13287,1568756937.121717
Gudda Gudda,Paul George,Fresher Than Ever,13287,1568756937.1224785
Bishop Nehru,Zach LaVine,Rollercoasting,13291,1568756938.536155
Chino XL,Johnny Mathis,No Complex,13292,1568756951.903287
Chino XL,Bobby Brown,No Complex,13292,1568756951.9034615
Fatman Scoop,Mel Gibson,Onslaught 2,13288,1568756963.1404943
Chinx,Manute Bol,Off The Rip,13292,1568756967.8628273
Chinx,Spud Webb,100,13292,1568756969.0359726
Chinx,Manute Bol,100,13292,1568756969.0361092
Chinx,Delonte West,100,13292,1568756969.0362108
André 3000,Scottie Pippen,Sixteen,13297,1568756984.2085512
Chinx,Mike Brown,Go Get It,13292,1568756990.771859
André 3000,Scottie Pippen,Sixteen,13297,1568756994.4057198
André 3000,Scottie Pippen,Sixteen,13297,1568756997.6830337
André 3000,Scottie Pippen,Sixteen,13297,1568757000.7393901
Demrick,Bobby Brown,Quarter Pound,13295,1568757001.445107
Andre Nickatina,Billy Owens,Y-U-Smilin,13297,1568757010.4362347
Guilty Simpson,Avery Johnson,Murdah Type Thinkin (Small Professor Remix),13287,1568757015.3282826
Andre Nickatina,Ron King,U Beezy,13297,1568757019.0214314
Andre Nickatina,Julius Erving,Blood N My Hair,13297,1568757019.5542078
Chris Brown,Lance Stephenson,Only,13292,1568757053.2833781
GZA,Jason Kidd,Fame,13287,1568757056.6745682
Chris Webby,LeBron James,Twist Again (La La La),13292,1568757058.5497162
Chris Webby,Jeremy Lin,Left Lane,13292,1568757065.7001565
Angel Haze,Mike Brown,The Wolves,13297,1568757074.2059183
BJ the Chicago Kid,Derrick Rose,Church,13291,1568757094.714998
BJ the Chicago Kid,Patrick Ewing,R.O.T.C (Interlude),13291,1568757112.7559006
Half a Mill,Mike James,Get Up,13287,1568757116.9099658
Desiigner,Damian Lillard,Zombie Walk,13295,1568757141.8716
Desiigner,Scottie Pippen,Zombie Walk,13295,1568757141.8717394
Black Milk,Rajon Rondo,Relate (Want 2 Know),13291,1568757144.4432857
Hasan Salaam,Patrick Ewing,Twin Peaks,13287,1568757155.9028456
Desiigner,Scottie Pippen,Make It Out,13295,1568757157.4328988
Desiigner,Bobby Brown,Like Money,13295,1568757175.5355926
Black Thought,Trae Young,Dostoyevsky,13291,1568757206.8481479
Black Thought,Trae Young,Dostoyevsky,13291,1568757206.8483071
Black Thought,Lamar Odom,Who Want It,13291,1568757226.4744146
A$AP Rocky,Yao Ming,Potato Salad,13297,1568757235.7470486
Blaq Poet,Chris Paul,Goonsville,13291,1568757257.1076846
Clyde Carson,Clyde Drexler,No Sleep,13292,1568757271.7587566
A$ton Matthews,Yao Ming,BRAZY,13297,1568757272.1089065
Freddie Foxxx,Gary Harris,Industry Shakedown,13288,1568757273.1512718
A$ton Matthews,Kevin Durant,Invoice,13297,1568757274.984453
Digital Nas,John Stockton,When I Get On,13295,1568757280.5558069
Clyde Carson,Michael Jordan,Bet Against You,13292,1568757283.120565
Asher Roth,Allen Iverson,I Love College,13297,1568757284.8605258
Asher Roth,Hakeem Olajuwon,I Love College,13297,1568757284.8606963
Asher Roth,Tim Duncan,Lark On My Go-Kart,13297,1568757289.4111662
Asher Roth,Allen Iverson,I Love College,13297,1568757302.4672084
Asher Roth,Hakeem Olajuwon,I Love College,13297,1568757302.4673502
Hit-Boy,Marcus Camby,Le Parc Suites,13287,1568757305.0923097
Inspectah Deck,Scottie Pippen,Tru Master,13288,1568757306.9118264
Comethazine,Dennis Rodman,NONSENSE,13292,1568757318.9440129
Comethazine,Dennis Rodman,NONSENSE,13292,1568757318.944151
BlocBoy JB,John Wall,Mercedes,13291,1568757320.977056
Comethazine,DeMar DeRozan,DEMAR DEROZAN,13292,1568757322.2184741
Comethazine,DeMar DeRozan,DEMAR DEROZAN,13292,1568757322.218646
BlocBoy JB,Patrick Ewing,Shoot,13291,1568757322.9136496
Hittman,Kareem Abdul-Jabbar,Light Speed,13287,1568757326.846553
BlocBoy JB,Ray Allen,Who Ya Trynna Scare,13291,1568757330.5451224
Hittman,Vince Carter,Some L.A. Niggaz,13287,1568757331.3973851
BlocBoy JB,Michael Jordan,Like Dis,13291,1568757331.9206786
Hodgy Beats,Bobby Brown,Bitches,13287,1568757353.11184
Blueface,Scottie Pippen,Stop Cappin,13291,1568757381.8245542
Kap G,Stephen Curry,Girlfriend,13297,1568757390.749172
Kap G,Kyrie Irving,Girlfriend,13297,1568757390.7493112
Kap G,Bill Russell,Rings,13297,1568757394.2072523
Kap G,Phil Jackson,Rings,13297,1568757394.2074037
Kap G,Larry Bird,Rings,13297,1568757394.2075057
Kap G,Julius Erving,Rings,13297,1568757394.2076004
Kap G,Magic Johnson,Rings,13297,1568757394.2076929
Blueface,Blake Griffin,Wordplay,13291,1568757406.8430676
Kap G,Lamar Odom,Money Phone,13297,1568757410.1225464
Coolio,Ron Carter,Get Up Get Down,13292,1568757416.6512415
Hoodie Allen,Blake Griffin,IDK Why,13287,1568757442.3146
Hoodie Allen,Horace Grant,IDK Why,13287,1568757442.314765
Hoodie Allen,Dan Majerle,Sushi,13287,1568757449.6984167
Cormega,Vince Carter,Redemption,13292,1568757452.8602383
Cormega,Anthony Mason,Rap Basquiat,13292,1568757459.2848692
Bobby Shmurda,Jeremy Lin,Computers,13291,1568757461.0971453
J. Cole,Shawn Kemp,Motiv8,13288,1568757473.8756433
Bobby Shmurda,Jeremy Lin,Computers,13291,1568757478.5488558
Hopsin,Stephen Curry,Bout the Business,13287,1568757483.6488862
Boldy James,Blake Griffin,OilBass,13291,1568757490.9779534
DJ Clue?,Jimmy Jones,Fantastic 4,13295,1568757495.9055343
Cory Gunz,Bobby Brown,Total,13292,1568757502.5660715
Boldy James,Richard Hamilton,Traction,13291,1568757510.3963773
Count Bass D,John Paxson,Aural S(ECT)s,13292,1568757510.7118685
J.I.D,Wilt Chamberlain,NEVER,13288,1568757517.1503642
J.I.D,James Harden,D/vision,13288,1568757525.3925877
J.I.D,Stephen Curry,M.O.M,13288,1568757526.5622633
Count Bass D,Bobby Brown,Ohio Playas,13292,1568757532.3308616
J.I.D,Chris Johnson,General,13288,1568757535.391649
J.I.D,Vlade Divac,Underwear,13288,1568757536.2328095
Hussein Fatal,James Worthy,Somebody Gone Die 2 Nite,13287,1568757562.0214524
DJ Kay Slay,Pat Riley,Wild One,13295,1568757607.889616
Ice Cube,Shaquille O'Neal,Wicked,13287,1568757650.6442258
Ice Cube,Willie Williams,Wicked,13287,1568757650.6443605
Lil Gotit,Michael Phelps,Surf,13292,1568757652.6883018
Boosie Badazz,Chris Bosh,Face Down,13291,1568757664.31405
Boosie Badazz,Allen Iverson,All Cancer,13291,1568757670.6702108
DJ Mustard,Chris Bosh,Face Down,13295,1568757686.6209538
Lil Keed,Derrick Rose,On Everything,13292,1568757708.2467446
Jae Millz,Roy Hibbert,Fresher Than Ever,13288,1568757715.7163165
Jae Millz,Paul George,Fresher Than Ever,13288,1568757715.7170596
Jae Millz,Roy Hibbert,Fresher Than Ever,13288,1568757727.2944345
Jae Millz,Paul George,Fresher Than Ever,13288,1568757727.2952015
Brianna Perry,Ben Simmons,TipTop,13291,1568757735.442392
Kid Capri,Latrell Sprewell,Hot This Year,13297,1568757762.3815095
Iggy Azalea,Reggie Miller,Team,13287,1568757776.5943794
Iggy Azalea,Mike Bibby,No Mediocre,13287,1568757777.4837623
Iggy Azalea,Mike Bibby,No Mediocre,13287,1568757789.004898
Iggy Azalea,Dennis Rodman,Kawasaki,13287,1568757812.1887834
Ill Bill,Rick Fox,The Vice of Killing,13287,1568757824.4225314
Ill Bill,Mel Gibson,White Nigger,13287,1568757827.167898
Ill Bill,Glen Rice,F@ck Outta Here,13287,1568757838.1991096
Masta Ace,Bobby Jackson,Take a Walk,13291,1568757841.2412574
DJ Shadow,Bob Wood,Best Foot Forward,13295,1568757848.7692313
Kid Rock,Ben Davis,American Bad Ass,13297,1568757880.9307854
Jay Critch,Robert Horry,KD Freestyle,13288,1568757899.0351079
Nas,David Robinson,Street Dreams,13295,1568757906.6992843
Jay Critch,Michael Phelps,Adlibs,13288,1568757909.0810156
Master P,James Jones,Meal Ticket,13291,1568757912.8266437
Jay Electronica,Lonnie Lynn,All of Us,13288,1568757926.4610493
Jay Electronica,Lonnie Lynn,All of Us,13288,1568757932.8964312
Kidd Kidd,Andre Drummond,9pm in Miami,13297,1568757937.0991848
Nasty C,John Wall,Allow,13295,1568757952.6960297
Nasty C,Paul George,Allow,13295,1568757952.696169
Max B,Karl Malone,A Lie,13291,1568757953.956266
Lil Tecca,Chris Paul,Amigo,13292,1568757974.0718682
Lil Tecca,Chris Paul,Amigo,13292,1568757989.4649367
Jay Z,Jerome Harmon,Drunk in Love,13288,1568757998.3692286
Maxo Kream,Yao Ming,Clientele,13291,1568758008.5463307
Jay Z,Dennis Rodman,Drug Dealers Anonymous,13288,1568758020.1990943
Jay Z,Bobby Brown,So Appalled,13288,1568758022.2814755
Lil Tracy,Tim Legler,Foreign Land,13292,1568758036.1724603
Lil Tracy,Steve Kerr,Foreign Land,13292,1568758036.172594
Lil Tracy,Tim Legler,Foreign Land,13292,1568758045.9031575
Lil Tracy,Steve Kerr,Foreign Land,13292,1568758045.903311
Nelly,Bobby Brown,Ride Wit Me,13295,1568758057.2031703
Lil Twist,Chris Johnson,Popular,13292,1568758057.7632675
Lil Twist,Michael Jordan,Bang,13292,1568758060.1435683
Lil Twist,Michael Phelps,Bang,13292,1568758060.1437273
Nelly,Steve Nash,Promiscuous,13295,1568758060.8763661
Nelly,Steve Nash,Promiscuous,13295,1568758063.190931
Lil Twist,Michael Jordan,Bang,13292,1568758067.211317
Lil Twist,Michael Phelps,Bang,13292,1568758067.2114472
Lil Twist,Chris King,Blues Brothers,13292,1568758071.9332354
Lil Twist,Chris King,Blues Brothers,13292,1568758071.9333746
Lil Twist,Chris King,Blues Brothers,13292,1568758071.9334779
Lil Twist,Chris King,Blues Brothers,13292,1568758071.9335957
Lil Twist,Chris King,Blues Brothers,13292,1568758071.9337115
King Tee,James Robinson,Funny Style,13297,1568758088.9693398
Jazze Pha,Tracy McGrady,Luv Me Baby,13288,1568758089.6914608
Lil Wayne,Dennis Rodman,A Milli,13292,1568758109.9445002
Nicki Minaj,Lance Stephenson,Only,13295,1568758113.4019086
Pusha T,Dennis Rodman,Drug Dealers Anonymous,13287,1568758116.2526746
Pusha T,Bobby Brown,So Appalled,13287,1568758124.345777
Lil Wayne,Lance Stephenson,Only,13292,1568758125.5531356
Jean Grae,Charles Barkley,Assassins,13288,1568758150.5778835
Jean Grae,Chris Paul,Assassins,13288,1568758150.5789282
Quando Rondo,Michael Jordan,ABG,13287,1568758166.6982594
Jeremiah Jae,Mike Brown,Stuck in a Box,13288,1568758170.381004
Quando Rondo,Derrick Rose,Bacc To The Basics,13287,1568758171.3886757
Knoc-turn'al,Vince Carter,Some L.A. Niggaz,13297,1568758173.2163122
Quando Rondo,Rajon Rondo,Paradise,13287,1568758179.0064433
Quando Rondo,LeBron James,Project Kid,13287,1568758181.6767006
Quando Rondo,Michael Phelps,Motivation,13287,1568758184.4451282
Quando Rondo,Michael Jordan,Real Shit,13287,1568758185.7266567
Quando Rondo,LeBron James,No Smoke,13287,1568758186.889017
Quavo,Michael Phelps,Portland,13287,1568758197.5626445
Quavo,Michael Jordan,Portland,13287,1568758197.56282
Quavo,Michael Phelps,Portland,13287,1568758197.5629618
Quavo,Michael Jordan,Portland,13287,1568758197.5630991
Quavo,Michael Phelps,Portland,13287,1568758197.5632334
Quavo,Michael Jordan,Portland,13287,1568758197.5633674
Quavo,Shaquille O'Neal,BIGGEST ALLEY OOP,13287,1568758205.0860112
Quavo,Michael Jordan,Dubai Shit,13287,1568758210.4484644
Kokane,Shaquille O'Neal,Hennesey N Buddah,13297,1568758215.3414917
Lil Zane,Phil Jackson,Make You Dance,13292,1568758216.9745388
MC Ren,Vince Carter,Some L.A. Niggaz,13291,1568758223.9680154
Queen Pen,Eric Williams,All My Love,13287,1568758241.5624049
Jermaine Dupri,Vince Carter,Basketball,13288,1568758241.582726
Jermaine Dupri,Dikembe Mutombo,Basketball,13288,1568758241.5828764
Kool Keith,Phil Jackson,World Wide Lamper,13297,1568758286.4779637
Kool Keith,Kurt Rambis,World Wide Lamper,13297,1568758286.4781253
Lil' Keke,James Jones,Trill,13292,1568758293.0776932
Qwel,Derrick Rose,Lake Effect,13287,1568758315.0600557
Krizz Kaliko,Pat Riley,Kill Shit,13297,1568758373.0133035
Krizz Kaliko,Michael Olowokandi,Orangutan,13297,1568758392.1513994
Krizz Kaliko,Karl Malone,Orangutan,13297,1568758392.1523004
Jimmy Wopo,Chris Paul,Trapnese,13288,1568758414.0776632
Jimmy Wopo,Kobe Bryant,Wake Up,13288,1568758419.6812944
Jimmy Wopo,Michael Phelps,Wake Up,13288,1568758419.6814299
Jimmy Wopo,Magic Johnson,Wake Up,13288,1568758419.681535
Nyck Caution,Blake Griffin,Perfect Murder,13295,1568758432.8367538
Lizzo,Mike Jackson,Water Me,13292,1568758440.7044075
Rah Digga,Dennis Scott,Tight,13287,1568758449.077389
Rah Digga,Carl Thomas,So Cool (feat. Carl Thomas),13287,1568758478.4443614
Rah Digga,Carl Thomas,So Cool (feat. Carl Thomas),13287,1568758478.444513
Rah Digga,Carl Thomas,So Cool (feat. Carl Thomas),13287,1568758478.4446135
Kurtis Blow,Moses Malone,Basketball,13297,1568758489.46707
Kurtis Blow,Jerry West,Basketball,13297,1568758489.4672103
Kurtis Blow,Bernard King,Basketball,13297,1568758489.4673257
Kurtis Blow,Rick Barry,Basketball,13297,1568758489.4674234
Kurtis Blow,Ralph Sampson,Basketball,13297,1568758489.467519
Kurtis Blow,Bill Russell,Basketball,13297,1568758489.4676292
Kurtis Blow,Darryl Dawkins,Basketball,13297,1568758489.467723
Kurtis Blow,Willis Reed,Basketball,13297,1568758489.4678164
Kurtis Blow,Moses Malone,Basketball,13297,1568758489.9623346
Kurtis Blow,Jerry West,Basketball,13297,1568758489.962467
Kurtis Blow,Bernard King,Basketball,13297,1568758489.9625664
Kurtis Blow,Rick Barry,Basketball,13297,1568758489.9626598
Kurtis Blow,Ralph Sampson,Basketball,13297,1568758489.9627512
Kurtis Blow,Bill Russell,Basketball,13297,1568758489.9628415
Kurtis Blow,Darryl Dawkins,Basketball,13297,1568758489.9629316
Kurtis Blow,Willis Reed,Basketball,13297,1568758489.9630215
Joe Budden,Jason Williams,Black Cloud,13288,1568758492.411585
Lloyd Banks,Phil Jackson,Start It Up,13292,1568758493.0042362
Joe Budden,Oscar Robertson,Uncle Joe,13288,1568758494.5834775
Obie Trice,Jayson Williams,Drama Setter,13295,1568758498.262038
Joe Budden,Jason Williams,Black Cloud,13288,1568758507.2970488
Lloyd Banks,Phil Jackson,Start It Up,13292,1568758508.6161997
Method Man,Scottie Pippen,Y.O.U.,13291,1568758509.2593164
Kurtis Blow,Moses Malone,Basketball,13297,1568758509.4654708
Kurtis Blow,Jerry West,Basketball,13297,1568758509.4656224
Kurtis Blow,Bernard King,Basketball,13297,1568758509.4657676
Kurtis Blow,Rick Barry,Basketball,13297,1568758509.4659111
Kurtis Blow,Ralph Sampson,Basketball,13297,1568758509.4660327
Kurtis Blow,Bill Russell,Basketball,13297,1568758509.4661572
Kurtis Blow,Darryl Dawkins,Basketball,13297,1568758509.4662757
Kurtis Blow,Willis Reed,Basketball,13297,1568758509.4663942
Joe Budden,Bobby Brown,Flex,13288,1568758512.698833
Lloyd Banks,Kevin Garnett,Survival,13292,1568758515.7170126
Kurupt,Scottie Pippen,Tru Master,13297,1568758528.8756468
MF Doom,Bob Love,Rhymes Like Dimes,13291,1568758538.7908404
Lord Finesse,Glen Rice,Dignified Soldiers,13292,1568758545.4331746
Lord Finesse,Gary Harris,Return of the Funky Man,13292,1568758547.3605926
Ralo,Vince Carter,Young Nigga,13287,1568758549.5460122
MF Doom,Willis Reed,Meddle with Metal,13291,1568758557.3700917
MF Doom,Chris Mullin,Badness of Madness,13291,1568758562.9825451
OJ da Juiceman,Scottie Pippen,I Be Trappin,13295,1568758583.4195561
OJ da Juiceman,Eddie Griffin,I Be Trappin,13295,1568758583.4196963
OJ da Juiceman,Chris Paul,Mathematics,13295,1568758584.6780498
OJ da Juiceman,Kobe Bryant,Middle Finger,13295,1568758587.0033536
OJ da Juiceman,Reggie Miller,Middle Finger,13295,1568758587.00353
Ol' Dirty Bastard,Kobe Bryant,Hip Hop Drunkies,13295,1568758608.510253
Mic Geronimo,Carl Thomas,Single Life,13291,1568758617.1194193
Mic Geronimo,Carl Thomas,Single Life,13291,1568758617.1195822
Mic Geronimo,Carl Thomas,Single Life,13291,1568758617.1197057
Mic Geronimo,Dee Brown,Single Life,13291,1568758617.1198263
Mic Geronimo,Carl Thomas,Single Life,13291,1568758617.1199448
Rapsody,Grayson Allen,Laila’s Wisdom,13287,1568758623.8986614
Rapsody,Bobby Brown,Black & Ugly,13287,1568758627.7682793
Rapsody,Trae Young,Dostoyevsky,13287,1568758628.5561247
Rapsody,Trae Young,Dostoyevsky,13287,1568758628.556258
Rapsody,Carl Thomas,Chrome (Like Ooh),13287,1568758631.7720952
Mickey Factz,Chris Webber,Food 4 Thought,13291,1568758632.0378828
Lou the Human,Dennis Rodman,Who Knows,13292,1568758644.463369
Mike G,Carmelo Anthony,Parking Lot,13291,1568758655.6964347
La the Darkman,Tyson Chandler,The Other Side,13297,1568758658.7802925
One Be Lo,David Robinson,Reality Check,13295,1568758673.8308423
LoveRance,Jason Kidd,California Stunna,13292,1568758676.0839837
La the Darkman,Tim Duncan,I Work,13297,1568758679.2984922
Ras Kass,Alonzo Mourning,Miami Life,13287,1568758686.4252465
Ras Kass,Joe Smith,How to Kill God,13287,1568758694.39166
Joyner Lucas,Michael Bradley,Keep It 100,13288,1568758709.5650814
JPEGMAFIA,Charles Barkley,Williamsburg,13288,1568758756.068318
Ludacris,Michael Phelps,Vitamin D,13292,1568758762.018595
Lupe Fiasco,Michael Young,The Coolest,13292,1568758814.2388642
Lupe Fiasco,Michael Young,The Coolest,13292,1568758814.2390287
Lupe Fiasco,Michael Young,The Coolest,13292,1568758814.2391613
Juelz Santana,Steve Francis,Come Home With Me,13288,1568758832.3363957
Peedi Peedi,LeBron James,B.B. Gun,13295,1568758845.374657
Juice WRLD,Bobby Brown,Black & White,13288,1568758853.1387591
Mac Dre,Ron King,U Beezy,13292,1568758857.8798907
Juice WRLD,John Wall,Hard Work Pays Off,13288,1568758860.3868542
Juice WRLD,John Wall,Hard Work Pays Off,13288,1568758860.3870213
Juice WRLD,Chris Paul,Hard Work Pays Off,13288,1568758860.3871586
Juice WRLD,John Wall,Hard Work Pays Off,13288,1568758860.3873048
Peewee Longway,Tim Duncan,Quarterback,13295,1568758861.784134
Juice WRLD,Michael Jordan,The Bees Knees,13288,1568758869.6648467
Juicy J,Reggie Miller,She Knows,13288,1568758877.5111754
Peewee Longway,Michael Jordan,Activist,13295,1568758877.8204122
Peewee Longway,O.J. Mayo,I Just Want The Money,13295,1568758879.0099516
Juicy J,Marc Gasol,Bounce It,13288,1568758879.7029104
Pacewon,Sam Cassell,Four Quarters,13295,1568758890.2197275
Pacewon,Willis Reed,Four Quarters,13295,1568758890.2198808
Pacewon,Bill Bradley,Four Quarters,13295,1568758890.2199972
Pacewon,Phil Jackson,Four Quarters,13295,1568758890.220124
Juicy J,Rudy Gay,For Everybody,13288,1568758892.400941
Pacewon,Marcus Camby,Sunroof Top,13295,1568758893.7985132
Juicy J,Allen Iverson,Payback,13288,1568758899.821746
Mo B. Dick,Charles Barkley,1 Morning,13291,1568758902.915532
Really Doe,Kyle Lowry,Really Doe,13287,1568758903.414315
Really Doe,Kyle Lowry,Really Doe,13287,1568758905.0213983
Really Doe,Kyle Lowry,Really Doe,13287,1568758908.0368533
Really Doe,Kyle Lowry,Really Doe,13287,1568758909.1501737
Really Doe,Kyle Lowry,Really Doe,13287,1568758910.0420582
Really Doe,Kyle Lowry,Really Doe,13287,1568758910.640453
Really Doe,Kyle Lowry,Really Doe,13287,1568758912.7459188
Really Doe,Kyle Lowry,Really Doe,13287,1568758915.3693187
Really Doe,Kyle Lowry,Really Doe,13287,1568758915.9403248
Really Doe,Kyle Lowry,Really Doe,13287,1568758916.5928504
Really Doe,Kyle Lowry,Really Doe,13287,1568758917.293149
Really Doe,Kyle Lowry,Really Doe,13287,1568758918.0231373
Really Doe,Kyle Lowry,Really Doe,13287,1568758918.648973
Really Doe,Kyle Lowry,Really Doe,13287,1568758919.3226922
Really Doe,Kyle Lowry,Really Doe,13287,1568758919.8891394
Really Doe,Kyle Lowry,Really Doe,13287,1568758920.7654293
Really Doe,Kyle Lowry,Really Doe,13287,1568758921.2991204
Really Doe,Kyle Lowry,Really Doe,13287,1568758922.0632727
Really Doe,Kyle Lowry,Really Doe,13287,1568758922.8548114
Really Doe,Kyle Lowry,Really Doe,13287,1568758923.5512831
Really Doe,Kyle Lowry,Really Doe,13287,1568758924.1190157
Really Doe,Kyle Lowry,Really Doe,13287,1568758924.6781902
Really Doe,Kyle Lowry,Really Doe,13287,1568758925.546874
Really Doe,Kyle Lowry,Really Doe,13287,1568758926.4288104
Mac Miller,Michael Phelps,Knock Knock,13292,1568758926.5429828
Really Doe,Kyle Lowry,Really Doe,13287,1568758927.2168114
Really Doe,Kyle Lowry,Really Doe,13287,1568758927.9801352
Reason (rapper),Bobby Brown,The Reason,13287,1568758933.775835
Red Café,Paul Pierce,Fly Together,13287,1568758949.7663276
Red Café,Michael Jordan,Gucci Everything,13287,1568758955.330161
Red Café,Kevin Durant,Headquaters,13287,1568758961.599859
Pharoahe Monch,Charles Barkley,Assassins,13295,1568758962.5069907
Pharoahe Monch,Chris Paul,Assassins,13295,1568758962.5080307
Lil B,James Posey,Suck My Dick Hoe,13297,1568758965.0025043
Red Café,Paul Pierce,Fly Together,13287,1568758966.0836287
Pharrell Williams,Michael Jordan,Heatstroke,13295,1568758983.7245123
Lil Baby,John Wall,Freestyle,13297,1568758985.6150036
Mack Maine,Roy Hibbert,Fresher Than Ever,13292,1568758997.4629643
Mack Maine,Paul George,Fresher Than Ever,13292,1568758997.463701
K Camp,Bradley Beal,Lottery,13288,1568758997.780946
Lil Baby,Larry Bird,Alley Oop,13297,1568758998.5591388
Lil Baby,Tim Duncan,Alley Oop,13297,1568758998.5592723
Lil Baby,Magic Johnson,Alley Oop,13297,1568758998.5593753
Lil Bibby,Michael Jordan,Low,13297,1568759007.732353
Mack Maine,Roy Hibbert,Fresher Than Ever,13292,1568759010.6018214
Mack Maine,Paul George,Fresher Than Ever,13292,1568759010.6025538
K Camp,Bradley Beal,Lottery,13288,1568759015.7137172
Lil Bibby,Steve Nash,Get 2 Bussin,13297,1568759017.6065204
K Camp,Bradley Beal,Lottery,13288,1568759018.82669
Reef the Lost Cauze,Rick Fox,The Vice of Killing,13287,1568759022.641027
K Camp,Dwyane Wade,Hoop Dreams,13288,1568759025.4909816
K Camp,LeBron James,Hoop Dreams,13288,1568759025.4911897
K Camp,Dwyane Wade,Hoop Dreams,13288,1568759025.491372
K Camp,LeBron James,Hoop Dreams,13288,1568759025.4915454
K Camp,Dwyane Wade,Hoop Dreams,13288,1568759025.4917204
K Camp,LeBron James,Hoop Dreams,13288,1568759025.4918807
K Camp,Dwyane Wade,Hoop Dreams,13288,1568759025.4920487
K Camp,LeBron James,Hoop Dreams,13288,1568759025.49222
K Camp,Dwyane Wade,Hoop Dreams,13288,1568759025.4923892
K Camp,LeBron James,Hoop Dreams,13288,1568759025.4925644
Reef the Lost Cauze,Mel Gibson,Midnight Burial,13287,1568759027.9321377
Reef the Lost Cauze,Kyle Lowry,Tongan Death Grip,13287,1568759029.4759207
Lil Bibby,Michael Jordan,Low,13297,1568759034.2696884
Phife Dawg,Carl Thomas,Nah Mean,13295,1568759035.6838877
Philthy Rich,Damian Lillard,Troublesome 59,13295,1568759044.8204005
Mr. Cheeks,Jeremy Lin,The 90's Are Back Pt. 2,13291,1568759052.3400166
MadeinTYO,Yao Ming,2 Flights,13292,1568759056.1534703
Madchild,Magic Johnson,Top Cat,13292,1568759086.4395244
Lil Dicky,Joel Embiid,Earth,13297,1568759087.4605482
Reks,Jerry West,Jump Shots,13287,1568759093.147618
Reks,Patrick Ewing,Jump Shots,13287,1568759093.147748
Lil Dicky,Dennis Rodman,Classic Male Pregame,13297,1568759098.0350971
Lil Dicky,Joel Embiid,Earth,13297,1568759098.8814325
Phresher,Reggie Miller,On the Low,13295,1568759105.847902
Lil Dicky,Dennis Rodman,Classic Male Pregame,13297,1568759108.0703182
Mr. Muthafuckin' eXquire,Steven Smith,Ice Cups,13291,1568759125.0101426
Mr. Muthafuckin' eXquire,Anthony Mason,Ice Cups,13291,1568759125.0103114
Madlib,Iman Shumpert,Knicks,13292,1568759131.557193
K-Solo,Jeremy Lin,Solo Shit,13288,1568759133.7729664
Mr. Porter,Klay Thompson,Testing Me,13291,1568759143.2048333
Mr. Porter,Klay Thompson,Testing Me,13291,1568759150.244266
Pimp C,James Jones,What Up,13295,1568759161.5156147
RZA,Bobby Brown,So Appalled,13297,1568759166.537594
Pimp C,James Jones,Trill,13295,1568759166.6178682
Planet Asia,Chris Bosh,Majestic Accolades,13295,1568759170.0992815
Rhymefest,Michael Jordan,Brand New,13287,1568759173.6539404
Rhymefest,Michael Jordan,Brand New,13287,1568759174.7378488
Planet Asia,Chris Bosh,Majestic Accolades,13295,1568759180.6898494
RZA,Michael Jordan,We Pop,13297,1568759180.7268367
RZA,Mookie Blaylock,Holocaust (Silkworm),13297,1568759181.7807398
RZA,Joe Young,Holocaust (Silkworm),13297,1568759181.7808719
K.A.A.N.,Clyde Drexler,The Door,13288,1568759184.8478255
K.A.A.N.,Joel Embiid,Some Other Shit,13288,1568759191.809912
K.A.A.N.,Shawn Marion,Deadline,13288,1568759192.6455798
Murphy Lee,Tracy McGrady,Luv Me Baby,13291,1568759199.0841632
Playboi Carti,Yao Ming,Yah Mean,13295,1568759202.893968
Playboi Carti,Yao Ming,Yah Mean,13295,1568759202.8941398
Playboi Carti,Yao Ming,Yah Mean,13295,1568759202.894279
Playboi Carti,Yao Ming,Yah Mean,13295,1568759202.8944154
Playboi Carti,Yao Ming,Yah Mean,13295,1568759202.8945496
Playboi Carti,Yao Ming,Yah Mean,13295,1568759202.8946838
Playboi Carti,Yao Ming,Yah Mean,13295,1568759202.8948188
Playboi Carti,Ray Allen,Lame Niggaz,13295,1568759212.3340847
Playboi Carti,Ray Allen,Lame Niggaz,13295,1568759212.3342566
Playboi Carti,Michael Phelps,Old Money,13295,1568759215.8144753
Rich Homie Quan,Dennis Rodman,Flex (Ooh, Ooh, Ooh),13287,1568759244.911777
PnB Rock,James Worthy,Nowadays,13295,1568759245.499387
Rich Homie Quan,Dennis Rodman,Flex (Ooh, Ooh, Ooh),13287,1568759245.8340704
Rich Homie Quan,Dennis Rodman,Flex (Ooh, Ooh, Ooh),13287,1568759246.6749296
Sabac Red,Rick Fox,The Vice of Killing,13297,1568759251.8095136
Polo G,James Harden,Effortless,13295,1568759255.7855082
Sabac Red,Joe Young,Urban Gorillas,13297,1568759255.9664035
Sabac Red,Joe Young,Urban Gorillas,13297,1568759256.3654413
Polo G,Kyrie Irving,Picture This,13295,1568759260.7352765
Montana of 300,Michael Jordan,Air Jordan,13291,1568759264.1530004
Montana of 300,Patrick Ewing,Air Jordan,13291,1568759264.153175
Montana of 300,Hakeem Olajuwon,Undertaker,13291,1568759265.7214592
Rich Homie Quan,Dennis Rodman,Flex (Ooh, Ooh, Ooh),13287,1568759270.2482977
Polo G,Jerome Kersey,Polo Sweater,13295,1568759270.9884818
Montana of 300,Andrew Wiggins,Slaughterhouse,13291,1568759272.0613976
Snootie Wild,Bobby Brown,Double Cup (Remix),13288,1568759273.1447473
Sadat X,Mario Elie,Loud Hangover,13297,1568759278.0738153
Sadat X,Roy Rogers,Wild Cowboys,13297,1568759282.9466996
N.O.R.E.,Manute Bol,Off The Rip,13291,1568759285.4922345
N.O.R.E.,Carl Thomas,I Love My Life,13291,1568759291.107583
N.O.R.E.,Jimmy Jones,Fantastic 4,13291,1568759296.0622447
N.O.R.E.,LeBron James,Bendicion,13291,1568759297.8253396
Rick Rock,Bernard King,Nickel Rock,13287,1568759300.0930996
N.O.R.E.,John Starks,The Assignment,13291,1568759304.6940722
Rick Rock,Bernard King,Nickel Rock,13287,1568759319.5393858
Timbaland,Steve Nash,Promiscuous,13292,1568759323.175285
Timbaland,Steve Nash,Promiscuous,13292,1568759325.0508935
Wrekonize,Michael Olowokandi,Orangutan,13291,1568759336.0293236
Wrekonize,Karl Malone,Orangutan,13291,1568759336.0302975
Timbaland,Steve Nash,Promiscuous,13292,1568759336.6980112
Sage the Gemini,Allen Iverson,Payback,13297,1568759367.5714438
Sage the Gemini,Carlos Boozer,Swerve,13297,1568759371.7630005
SahBabii,Rock Lee,Anime World,13297,1568759381.0764399
SahBabii,Rock Lee,Anime World,13297,1568759381.0766118
SahBabii,Allen Iverson,Watery,13297,1568759385.173954
SahBabii,Kyle Lowry,Throw It,13297,1568759389.1235328
SahBabii,Magic Johnson,Sylvan,13297,1568759390.9874883
Soulja Boy,Kobe Bryant,I Got Me Some Bapes,13288,1568759404.3480132
Soulja Boy,Dikembe Mutombo,Pronto,13288,1568759415.3037481
Xzibit,Vince Carter,Some L.A. Niggaz,13291,1568759415.8357797
Soulja Boy,Kobe Bryant,Bapes,13288,1568759418.325956
Rittz,Hank Williams,For Real,13287,1568759428.2523022
Rittz,Mel Gibson,High Five,13287,1568759435.1425924
South Park Mexican,Ben Davis,Wiggy,13288,1568759445.3565638
South Park Mexican,Sam Cassell,Wiggy,13288,1568759445.3566992
Rittz,Jeremy Lin,Profit,13287,1568759446.4076571
South Park Mexican,Bobby Brown,2 Joints,13288,1568759470.449962
Ya Boy,LeBron James,We Ready,13291,1568759470.7430124
Tony Yayo,Jayson Williams,Drama Setter,13292,1568759475.9874501
SpaceGhostPurrp,Vince Carter,Suck a Dick 2012,13288,1568759484.5555105
Tony Yayo,Jayson Williams,Drama Setter,13292,1568759498.9544065
Too Short,Gary Payton,Just Another Day,13292,1568759505.9246175
Tracey Lee,Reggie Miller,Keep Your Hands High,13292,1568759549.3017037
50 Cent,Mike Jackson,Westside Story,13295,1568759551.2034574
Spose,Avery Bradley,Greatest Shit Ever,13288,1568759587.7141998
Spose,Paul Pierce,The King of Maine,13288,1568759596.754188
Spose,Dwyane Wade,The King of Maine,13288,1568759596.7543232
Spose,Paul Pierce,The King of Maine,13288,1568759596.7544277
Spose,Paul Pierce,The King of Maine,13288,1568759596.754526
Roc Marciano,Tracy McGrady,Tek To A Mack,13287,1568759608.3820732
7L and Esoteric,Moses Malone,Watch Me,13295,1568759628.3394556
7L and Esoteric,Steve Nash,Public Execution,13295,1568759633.6258655
Yo Gotti,Michael Jordan,Act Right,13291,1568759641.3964174
Scrilla,Michael Jordan,Mutulu Shakur,13297,1568759645.6830058
Roddy Ricch,Larry Bird,Every Season,13287,1568759648.6618657
Roddy Ricch,Larry Bird,Every Season,13287,1568759651.8071191
Stalley,Kevin Durant,Samson,13288,1568759656.39847
Stalley,John Salley,Party Heart,13288,1568759658.9983594
8Ball & MJG,James Jones,Meal Ticket,13295,1568759672.809084
Trey Songz,Marc Gasol,Bounce It,13292,1568759683.230784
Starlito,James Harden,Boomshakalaka,13288,1568759714.1154
Starlito,Pete Maravich,Boomshakalaka,13288,1568759714.1155384
Young Buck,Bobby Brown,Get Buck,13291,1568759719.4361334
Young Buck,Bobby Brown,Get Buck,13291,1568759724.2646866
Sean Price,Rajon Rondo,Laced Cheeba (feat. Ghostface, Sean Price, & Trife Diesel),13297,1568759730.719903
Starlito,Hedo Türkoğlu,Just Want It All,13288,1568759733.1216621
Sean Price,John Starks,Sean Price,13297,1568759734.457388
Sean Price,Andre Iguodala,The 3 Lyrical Ps,13297,1568759735.0969574
Starlito,Mel Gibson,Good Cop Bad Cop,13288,1568759742.9309523
Sean Price,Joe Young,Monkey Barz,13297,1568759745.5162745
Sean Price,Jay Williams,Monkey Barz,13297,1568759745.516468
Young Buck,Reggie Miller,Stay Fly,13291,1568759749.415848
Sean Price,Jason Terry,The Unexpected,13297,1568759760.4285328
The Alkaholiks,Kobe Bryant,Hip Hop Drunkies,13295,1568759784.2930253
The Alkaholiks,Kobe Bryant,Hip Hop Drunkies,13295,1568759785.651865
The Alkaholiks,Kobe Bryant,Hip Hop Drunkies,13295,1568759788.63861
Rowdy Rebel,Jeremy Lin,Computers,13287,1568759790.345071
Rowdy Rebel,Robert Horry,Beam Jawn,13287,1568759796.796489
The Alkaholiks,Glen Rice,Likwidation,13295,1568759797.7720532
Rowdy Rebel,Jeremy Lin,Computers,13287,1568759798.3227139
Rowdy Rebel,Robert Horry,Beam Jawn,13287,1568759799.9247518
The Alkaholiks,Reggie Miller,Aww Shit!,13295,1568759803.0361114
Rowdy Rebel,Kevin Durant,Kevin Durant,13287,1568759804.1265783
Rowdy Rebel,Kevin Durant,Kevin Durant,13287,1568759804.1267478
Rowdy Rebel,Kevin Durant,Kevin Durant,13287,1568759804.126888
Rowdy Rebel,Kevin Durant,Kevin Durant,13287,1568759804.1270225
Rowdy Rebel,Kevin Durant,Kevin Durant,13287,1568759804.127156
Rowdy Rebel,Kevin Durant,Kevin Durant,13287,1568759804.1272883
Rowdy Rebel,Kevin Durant,Kevin Durant,13287,1568759804.1274211
Rowdy Rebel,Kevin Durant,Kevin Durant,13287,1568759804.1275544
Rowdy Rebel,Kevin Durant,Kevin Durant,13287,1568759804.1276872
Rowdy Rebel,Kevin Durant,Kevin Durant,13287,1568759804.1279676
Rowdy Rebel,Kevin Durant,Kevin Durant,13287,1568759804.128104
Rowdy Rebel,Kevin Durant,Kevin Durant,13287,1568759804.128236
Rowdy Rebel,Kevin Durant,Kevin Durant,13287,1568759804.1283681
Rowdy Rebel,Kevin Durant,Kevin Durant,13287,1568759804.1285067
Rowdy Rebel,Kevin Durant,Kevin Durant,13287,1568759804.1286578
Rowdy Rebel,Kevin Durant,Kevin Durant,13287,1568759804.1287947
Rowdy Rebel,Kevin Durant,Kevin Durant,13287,1568759804.1289277
Rowdy Rebel,Kevin Durant,Kevin Durant,13287,1568759804.1290603
Rowdy Rebel,Kevin Durant,Kevin Durant,13287,1568759804.1291926
Rowdy Rebel,Kevin Durant,Kevin Durant,13287,1568759804.1293242
Rowdy Rebel,Kevin Durant,Kevin Durant,13287,1568759804.1295083
Rowdy Rebel,Kevin Durant,Kevin Durant,13287,1568759804.1297214
Rowdy Rebel,Kevin Durant,Kevin Durant,13287,1568759804.1298757
Rowdy Rebel,Kevin Durant,Kevin Durant,13287,1568759804.1300108
Rowdy Rebel,Kevin Durant,Kevin Durant,13287,1568759804.1301444
Rowdy Rebel,Kevin Durant,Kevin Durant,13287,1568759804.130278
Rowdy Rebel,Kevin Durant,Kevin Durant,13287,1568759804.130411
Rowdy Rebel,Kevin Durant,Kevin Durant,13287,1568759804.1305428
Rowdy Rebel,Kevin Durant,Kevin Durant,13287,1568759804.1306758
Rowdy Rebel,Kevin Durant,Kevin Durant,13287,1568759804.1308086
Rowdy Rebel,Kevin Durant,Kevin Durant,13287,1568759804.130948
Rowdy Rebel,Kevin Durant,Kevin Durant,13287,1568759804.1311376
Rowdy Rebel,Jeremy Lin,Computers,13287,1568759810.1794567
Statik Selektah,Tim Duncan,The Spark,13288,1568759812.832562
Statik Selektah,Dominique Wilkins,Outside,13288,1568759820.6437044
Trip Lee,Wilt Chamberlain,Praying Hands (Remix),13292,1568759822.2354207
Trip Lee,Wilt Chamberlain,Praying Hands (Remix),13292,1568759822.2355738
Analog Brothers,George Gervin,Analog Brothers Intro,13295,1568759825.5873065
Analog Brothers,Calvin Murphy,Analog Brothers Intro,13295,1568759825.5874567
Analog Brothers,Kelly Tripucka,Analog Brothers Intro,13295,1568759825.5875611
Analog Brothers,Michael Jordan,So Bad,13295,1568759826.3825302
Royce da 5'9",Grant Hill,Rock City,13287,1568759846.111751
Young Dro,Paul Pierce,Friends,13291,1568759848.3407743
Trippie Redd,Chris Paul,Be Yourself,13292,1568759857.6256824
Royce da 5'9",Mahmoud Abdul-Rauf,Hold the Drums,13287,1568759859.4811895
Trippie Redd,Victor Oladipo,Negative Energy,13292,1568759862.3879182
Rucka Rucka Ali,Magic Johnson,Ebola (La La),13287,1568759870.085501
Rucka Rucka Ali,Magic Johnson,Ebola (La La),13287,1568759871.5775583
Shaquille O'Neal,Shaquille O'Neal,Men of Steel,13297,1568759887.8992014
Shaquille O'Neal,Shaquille O'Neal,Men of Steel,13297,1568759887.899351
Shaquille O'Neal,Shaquille O'Neal,Shoot Pass Slam,13297,1568759891.3282673
Shaquille O'Neal,Shaquille O'Neal,Shoot Pass Slam,13297,1568759891.3284006
Shaquille O'Neal,Shaquille O'Neal,Shoot Pass Slam,13297,1568759891.3285089
Shaquille O'Neal,Shaquille O'Neal,Shoot Pass Slam,13297,1568759891.328602
Shaquille O'Neal,Jack George,Boom!,13297,1568759892.1091216
Troy Ave,Reggie Miller,Money On My Mind,13292,1568759892.5202634
Shaquille O'Neal,Shaquille O'Neal,Shoot Pass Slam,13297,1568759892.7156084
Shaquille O'Neal,Shaquille O'Neal,Shoot Pass Slam,13297,1568759892.7157428
Shaquille O'Neal,Shaquille O'Neal,Shoot Pass Slam,13297,1568759892.7158442
Shaquille O'Neal,Shaquille O'Neal,Shoot Pass Slam,13297,1568759892.7159412
Shaquille O'Neal,Shaquille O'Neal,Intro,13297,1568759893.3758543
Shaquille O'Neal,Shaquille O'Neal,Intro,13297,1568759893.3759928
Army of the Pharaohs,Michael Redd,All Shall Perish,13295,1568759893.79891
Shaquille O'Neal,Jack George,Boom!,13297,1568759896.6700387
Shaquille O'Neal,Shaquille O'Neal,Newark to C.I.,13297,1568759897.689331
Shaquille O'Neal,Shaquille O'Neal,MVP,13297,1568759898.4810114
Shaquille O'Neal,Shaquille O'Neal,My Dear,13297,1568759900.2196946
Army of the Pharaohs,Mel Gibson,Midnight Burial,13295,1568759900.3571136
Army of the Pharaohs,Nerlens Noel,Visual Camouflage,13295,1568759903.0856051
Army of the Pharaohs,Joe Dumars,The Tempter and the Bible Black,13295,1568759908.6566606
Shawnna,Shaquille O'Neal,Take It Slow,13297,1568759911.9781165
Stevie Joe,DeMar DeRozan,Cali Shit,13288,1568759913.587845
Young Jeezy,Jackie Robinson,My President,13291,1568759918.3426378
Turf Talk,Mike Brown,Paint The Picture,13292,1568759930.8909104
Turf Talk,Mike Brown,Paint The Picture,13292,1568759947.0190372
Sheck Wes,Jayson Tatum,Kyrie,13297,1568759948.2238476
Sheck Wes,Jayson Tatum,Kyrie,13297,1568759948.223981
Sheck Wes,Jayson Tatum,Kyrie,13297,1568759948.2240798
Sheck Wes,Shawn Kemp,Sadio Mané (YNWA),13297,1568759949.7075887
Stevie Stone,Bobby Brown,The Reason,13288,1568759957.0846052
Rytmus,Michael Jordan,Gojira,13287,1568759980.6289117
Sheek Louch,Carl Thomas,One Name,13297,1568759985.3409348
Sheek Louch,Carl Thomas,One Name,13297,1568759985.3410902
Sheek Louch,Carl Thomas,One Name,13297,1568759985.3412182
Audio Push,Gary Payton,Parade,13295,1568760001.799055
Audio Push,Eddie Jones,In My Zone,13295,1568760007.865344
Sho Baraka,Dirk Nowitzki,Responsibility,13297,1568760008.1156034
Sho Baraka,John Brown,Maybe Both, 1865,13297,1568760014.5483549
Sho Baraka,Michael Jordan,TGC 2,13297,1568760016.8312032
Ayo & Teo,Scottie Pippen,Like Us,13295,1568760027.4563951
Ayo & Teo,Damian Lillard,Ay3,13295,1568760028.3921156
Ayo & Teo,Damian Lillard,Ay3,13295,1568760033.830223
Tyga,Mike Jackson,Rack City,13292,1568760035.243933
Tyga,Ben Wallace,Faded,13292,1568760041.7403986
Tyga,Magic Johnson,Faded,13292,1568760041.7405646
Tyler, The Creator,Yao Ming,Potato Salad,13292,1568760067.6363752
Tyler, The Creator,Michael Jordan,SMUCKERS,13292,1568760089.5669863
Tyler, The Creator,Scottie Pippen,SMUCKERS,13292,1568760089.5671787
Tyler, The Creator,Tony Parker,SMUCKERS,13292,1568760089.5692594
Tyler, The Creator,Tony Parker,Tamale,13292,1568760092.1919081
Shy Glizzy,Derek Fisher,Big Dipper,13297,1568760108.4008436
Shy Glizzy,Derek Fisher,Big Dipper,13297,1568760108.4009829
Shy Glizzy,Derek Fisher,Big Dipper,13297,1568760108.401087
Uncle Murda,Russell Westbrook,Rap Up 2016,13292,1568760149.5103445
Uncle Murda,Scottie Pippen,Rap Up 2016,13292,1568760149.5105147
Uncle Murda,Lamar Odom,Ya Mean,13292,1568760159.9568303
Blahzay Blahzay,Jeremy Lin,The 90's Are Back Pt. 2,13287,1568760169.0989382
Blahzay Blahzay,Jeremy Lin,The 90's Are Back Pt. 2,13287,1568760180.0724125
Yung Gravy,Larry Bird,Alley Oop,13291,1568760198.836185
Yung Gravy,Tim Duncan,Alley Oop,13291,1568760198.836343
Yung Gravy,Magic Johnson,Alley Oop,13291,1568760198.8364668
Bliss n Eso,Phil Jackson,Great Escape,13287,1568760209.992779
Yung Gravy,Steve Nash,Splash Mountain,13291,1568760210.372547
Yung Gravy,Steve Nash,Splash Mountain,13291,1568760210.3726947
Yung Gravy,Steve Nash,Splash Mountain,13291,1568760210.372811
Yung Gravy,Steve Nash,Splash Mountain,13291,1568760210.372907
Yung Gravy,Steve Nash,Splash Mountain,13291,1568760210.373002
Yung Gravy,Steve Nash,Splash Mountain,13291,1568760210.3730943
Yung Gravy,Scottie Pippen,Whippin,13291,1568760212.9672077
Yung Gravy,Scottie Pippen,Whippin,13291,1568760212.96734
Yung Gravy,Scottie Pippen,Whippin,13291,1568760212.967438
Beastie Boys,John Starks,Get It Together,13295,1568760214.3925865
Yung Gravy,Sam Dekker,Apple Jacks,13291,1568760218.125416
Yung Gravy,Scottie Pippen,Whippin,13291,1568760220.8571196
Yung Gravy,Scottie Pippen,Whippin,13291,1568760220.8572876
Yung Gravy,Scottie Pippen,Whippin,13291,1568760220.8574257
Blue Scholars,Shawn Kemp,Tommy Chong,13287,1568760253.1456747
Blue Scholars,Kobe Bryant,Still Got Love,13287,1568760261.41263
Blue Scholars,Shaquille O'Neal,Still Got Love,13287,1568760261.4127696
V-Nasty,Shaquille O'Neal,Fill My Shoes,13292,1568760266.232797
Blue Scholars,Lenny Wilkens,Slick Watts,13287,1568760267.8087993
Blue Scholars,Vernon Maxwell,Slick Watts,13287,1568760267.809016
Blue Scholars,Gus Williams,Slick Watts,13287,1568760267.8091855
Blue Scholars,Dale Ellis,Slick Watts,13287,1568760267.8093488
Blue Scholars,Slick Watts,Slick Watts,13287,1568760267.8095088
Blue Scholars,Ray Allen,Slick Watts,13287,1568760267.8096645
Blue Scholars,Sam Perkins,Slick Watts,13287,1568760267.8098304
Blue Scholars,Ricky Pierce,Slick Watts,13287,1568760267.8099554
Blue Scholars,Eddie Johnson,Slick Watts,13287,1568760267.8100667
Blue Scholars,Nate McMillan,Slick Watts,13287,1568760267.8101776
Blue Scholars,Xavier McDaniel,Slick Watts,13287,1568760267.8102875
Blue Scholars,Steve Scheffler,Slick Watts,13287,1568760267.8103998
Blue Scholars,Frank Brickowski,Slick Watts,13287,1568760267.8105147
Blue Scholars,Lonnie Shelton,Slick Watts,13287,1568760267.8106203
Blue Scholars,Spencer Haywood,Slick Watts,13287,1568760267.810724
Blue Scholars,Jack Sikma,Slick Watts,13287,1568760267.8108351
Blue Scholars,Greg Kelser,Slick Watts,13287,1568760267.8109863
Blue Scholars,Dana Barros,Slick Watts,13287,1568760267.8111465
Blue Scholars,Tom Chambers,Slick Watts,13287,1568760267.811303
Blue Scholars,Shawn Kemp,Slick Watts,13287,1568760267.8114526
Blue Scholars,Gary Payton,Slick Watts,13287,1568760267.8116133
V-Nasty,Shaquille O'Neal,Fill My Shoes,13292,1568760273.4982648
Bell Biv DeVoe,Tim Hardaway,Above The Rim,13295,1568760296.7353485
Yung Ro,James Harden,Trap House,13291,1568760299.6640503
Swizz Beatz,Bobby Brown,So Appalled,13288,1568760306.7066453
Swizz Beatz,Phil Jackson,Start It Up,13288,1568760314.5241485
Vakill,Vlade Divac,Monstaz Ink,13292,1568760318.588407
Da Lench Mob,Michael Jordan,Chocolate City,13295,1568760346.8106754
Da Lench Mob,Jackie Robinson,Cut Throats,13295,1568760348.008899
Boo-Yaa T.R.I.B.E.,Michael Jordan,Rated R,13287,1568760353.6454856
SwizZz,Dennis Rodman,SwizZzy Wright,13288,1568760363.5088108
Z-Ro,Steve Francis,Help Me Please,13291,1568760363.575074
SwizZz,Michael Phelps,Fishy,13288,1568760370.9070377
Valee,Michael Phelps,Juice & Gin,13292,1568760408.4988496
Valee,John Wall,Juice & Gin,13292,1568760408.4989903
Das EFX,Kareem Abdul-Jabbar,Mic Checka,13295,1568760432.06979
Valee,Michael Phelps,Juice & Gin,13292,1568760432.9347858
Valee,John Wall,Juice & Gin,13292,1568760432.9349494
Das EFX,Reggie Jackson,Undaground Rappa,13295,1568760444.1542242
Das EFX,Scottie Pippen,Undaground Rappa,13295,1568760444.1543937
Das EFX,Tim Hardaway,Alright,13295,1568760453.4648592
Ski Mask the Slump God,Michael Jordan,WHOHASIT,13297,1568760497.3546982
Vast Aire,John Starks,Chorus V,13292,1568760513.3852923
Dead Celebrity Status,Steve Nash,Shut It Down,13295,1568760513.414561
T.I.,Mike Bibby,No Mediocre,13288,1568760558.7732742
T.I.,Mike Bibby,No Mediocre,13288,1568760576.423149
Vic Mensa,Stephen Curry,No Chill,13292,1568760599.4261224
Capone-N-Noreaga,Carl Thomas,Intro,13287,1568760612.3842268
Vic Mensa,Dennis Rodman,Klonopin,13292,1568760617.173642
Vic Mensa,Dennis Rodman,Klonopin,13292,1568760617.1737804
Vic Mensa,Dennis Rodman,Klonopin,13292,1568760617.1739037
Vic Mensa,Steve Nash,Dynasty,13292,1568760620.6657534
Tabi Bonney,Tim Duncan,Frontin,13288,1568760621.9972293
Vince Staples,Larry Johnson,Hive,13292,1568760633.2064295
Skyzoo,Mark Jackson,On the Stretch & Bob Show,13297,1568760646.7064366
Sleepy Brown,Tracy McGrady,Luv Me Baby,13297,1568760669.7543647
Vinnie Paz,Andrei Kirilenko,God Bless,13292,1568760676.0405412
Ces Cru,Michael Olowokandi,Orangutan,13287,1568760676.895309
Ces Cru,Karl Malone,Orangutan,13287,1568760676.8962266
Vinnie Paz,Rick Fox,The Vice of Killing,13292,1568760678.2363062
Fu-Schnickens,Hakeem Olajuwon,Who Stole the Pebble,13291,1568760682.7155695
Vinnie Paz,Michael Redd,All Shall Perish,13292,1568760684.6653268
Vinnie Paz,Glen Rice,F@ck Outta Here,13292,1568760690.1618373
Ces Cru,Kobe Bryant,Sound Bite,13287,1568760690.9689302
Channel Live,Michael Jordan,Blade,13287,1568760720.3674114
Channel Live,Kenny Anderson,Blade,13287,1568760720.3675504
Full Force,Dennis Rodman,Public Service Announcement,13291,1568760739.5894523
Full Force,Dennis Rodman,Public Service Announcement,13291,1568760739.5896146
Smino,Jayson Tatum,L.M.F.,13297,1568760773.232797
Smino,Jayson Tatum,L.M.F.,13297,1568760773.2329714
Smoke DZA,Taj Gibson,The Hook Up,13297,1568760804.1863976
G-Unit,LeBron James,Gangsta Shit,13291,1568760804.2023292
Smoke DZA,Kevin Durant,Dusk 2 Dusk,13297,1568760807.0489042
Smoke DZA,Mahmoud Abdul-Rauf,Hold the Drums,13297,1568760813.1866167
Smoke DZA,Taj Gibson,The Hook Up,13297,1568760820.661567
G-Unit,Greg Oden,No Days Off,13291,1568760825.5466013
Die Antwoord,Michael Jordan,Daddy,13295,1568760841.7331285
Smoothe da Hustler,Jeremy Lin,The 90's Are Back Pt. 2,13297,1568760881.4420817
Westside Gunn,Magic Johnson,Sensational Sherri,13292,1568760893.81095
Westside Gunn,Kerry Kittles,Sensational Sherri,13292,1568760893.8110886
Smoothe da Hustler,Jeremy Lin,The 90's Are Back Pt. 2,13297,1568760898.065623
Westside Gunn,Jackie Robinson,Niagara Cafe,13292,1568760916.4627724
Westside Gunn,Karl Malone,RVD,13292,1568760919.1669352
Wifisfuneral,Yao Ming,Genesis,13292,1568760926.8521326
Wifisfuneral,Yao Ming,Genesis,13292,1568760926.8522701
Dilated Peoples,Phil Jackson,Long Awaited,13295,1568760933.595498
Junior M.A.F.I.A.,Reggie Miller,Play Around,13297,1568760966.8789868
The Diplomats,Jayson Williams,Ground Zero,13295,1568760968.049981
Compton's Most Wanted,Patrick Ewing,I Gots Ta Get Over,13287,1568760976.8483756
Jurassic 5,Vince Carter,The Game,13297,1568760978.446518
Git Fresh,Bobby Jones,Booty Music,13291,1568761014.355474
Willie D,Charles Barkley,Coon,13292,1568761026.3171675
Willie D,Charles Barkley,Coon,13292,1568761026.317976
Willie D,Charles Barkley,Coon,13292,1568761026.3181176
Willie D,Charles Barkley,Coon,13292,1568761026.318256
Doggy's Angels,Don Carlos,Pop Your Collar 2 Dis,13295,1568761036.5480201
The Doppelgangaz,Walter McCarty,E.W.W.,13295,1568761040.1539545
The Doppelgangaz,Elgin Baylor,Rox Wid Her,13295,1568761045.8035696
Teyana Taylor,Mark Jackson,Talk About It,13288,1568761048.4591777
The Cool Kids,Mike Jackson,The Moonlanding,13287,1568761057.3823895
The Cool Kids,Rasheed Wallace,Jingling,13287,1568761060.6866777
The Cool Kids,Ben Wallace,Jingling,13287,1568761060.6868517
The Cool Kids,Blake Griffin,OilBass,13287,1568761063.9646568
Doomtree,Joakim Noah,Gray Duck,13295,1568761064.3543508
Kidz in the Hall,Charles Barkley,Mr. Alladatshit,13297,1568761095.9840112
Killarmy,Scottie Pippen,Where I Rest At,13297,1568761129.4379382
Drunken Tiger,Mike Jackson,Genesis,13295,1568761145.165407
Theophilus London,Shaquille O'Neal,She Said OK,13288,1568761187.624493
EARTHGANG,James Harden,D/vision,13295,1568761209.4251773
Czarface,Willis Reed,Meddle with Metal,13287,1568761254.511229
Czarface,Chris Mullin,Badness of Madness,13287,1568761256.1568506
Czarface,Jack Sikma,MF Czar,13287,1568761263.3667343
Czarface,Blake Griffin,The King Heard Voices,13287,1568761264.6995246
Czarface,Hank Williams,Super Soldier Serum,13287,1568761265.1804616
Czarface,Chris Herren,Listen to the Color,13287,1568761269.2894616
Czarface,LeBron James,Listen to the Color,13287,1568761269.2897046
Czarface,Jayson Tatum,(Post Credits Scene),13287,1568761270.653881
Czarface,Dee Brown,Two in the Chest,13287,1568761271.1567957
Czarface,Jerry Stackhouse,Czar Wars,13287,1568761274.4143808
Kris Kross,Jimmy Walker,Da Bomb,13297,1568761277.8936532
Tiffany Foxx,Bobby Brown,Double Cup (Remix),13288,1568761279.7776015
Kris Kross,Chris Smith,Money, Power And Fame (Three Thangs Thats Necessities),13297,1568761283.4955807
Kris Kross,Chris Smith,Money, Power And Fame (Three Thangs Thats Necessities),13297,1568761283.495755
Latyrx,Joe Smith,The Quickening (The Wreckoning Part II),13297,1568761322.784446
Latyrx,Marcus Camby,The Quickening (The Wreckoning Part II),13297,1568761322.784607
Latyrx,Shareef Abdur-Rahim,The Quickening (The Wreckoning Part II),13297,1568761322.784735
Odd Future,Bobby Brown,Bitches,13292,1568761337.4360826
GRITS,Stephen Curry,Fish Rice & Grits,13291,1568761371.0222092
Far East Movement,Ben Davis,I Party,13295,1568761419.6328175
The Lonely Island,Dikembe Mutombo,I’m So Humble,13297,1568761468.8658323
Heiruspecs,Wilt Chamberlain,Heartsprings,13291,1568761529.6434546
UGK,James Jones,Let Me See It,13287,1568761530.1490316
UGK,James Jones,Let Me See It,13287,1568761533.004766
UGK,James Jones,Take It Off,13287,1568761534.867876
Outsidaz,Malik Sealy,The Rah Rah,13292,1568761535.7724535
Heiruspecs,Wilt Chamberlain,Heartsprings,13291,1568761536.649319
UGK,James Jones,Meal Ticket,13287,1568761543.3668637
Shoreline Mafia,James Harden,Section,13288,1568761551.6575186
Lootpack,Phil Jackson,Long Awaited,13297,1568761555.8448448
Showbiz and A.G.,Glen Rice,Dignified Soldiers,13288,1568761560.7758968
Flatbush Zombies,Dennis Rodman,New Phone, Who Dis?,13295,1568761563.5954947
Flatbush Zombies,Patrick Ewing,HELL-O,13295,1568761566.7603579
Flatbush Zombies,Chauncey Billups,HELL-O,13295,1568761566.760515
Heltah Skeltah,Bobby Brown,Undastand,13291,1568761568.4779277
Heltah Skeltah,John Starks,Sean Price,13291,1568761571.7448256
The Underachievers,Pat Riley,Gold Soul Theory,13287,1568761574.9049833
The Underachievers,Aaron Gordon,Crescendo,13287,1568761582.5050395
Skatterman & Snug Brim,Yao Ming,Kansas City (Concrete Jungle),13288,1568761583.208152
The Underachievers,Michael Phelps,Rain Dance (Phase 1 Intro),13287,1568761589.1186938
The High & Mighty,Maurice Cheeks,The Meaning,13291,1568761616.5043428
Skull Gang,Jermaine O'Neal,Skull & Bones,13288,1568761622.3027875
The High & Mighty,Rory Sparrow,In-Outs,13291,1568761628.9585168
Pac Div,Nate Robinson,Posted,13292,1568761669.678089
Pac Div,Chris Paul,Posted,13292,1568761669.6782434
Flobots,Dikembe Mutombo,The Effect,13295,1568761695.493712
Pac Div,Nate Robinson,Posted,13292,1568761695.9015415
Pac Div,Chris Paul,Posted,13292,1568761695.9016879
Pac Div,Nate Robinson,Posted,13292,1568761697.3527675
Pac Div,Chris Paul,Posted,13292,1568761697.352906
Pac Div,Nate Robinson,Posted,13292,1568761697.9730606
Pac Div,Chris Paul,Posted,13292,1568761697.9732032
The Lox,Carl Thomas,Go Head,13297,1568761713.0752685
Hilltop Hoods,Phil Jackson,Brainbox,13291,1568761733.523629
Luniz,Chris Webber,Playa Hata,13297,1568761741.4188426
Hot Boys,Henry James,Hot Trash,13291,1568761794.5543299
Souls of Mischief,Michael Jordan,Medication,13288,1568761806.4501686
Spillage Village,Stephen Curry,M.O.M,13288,1568761842.367436
Spillage Village,Stephen Curry,M.O.M,13288,1568761849.96849
Huncho Jack,Michael Jordan,Dubai Shit,13291,1568761870.2675014
St. Lunatics,Allen Iverson,Jang A Lang,13288,1568761875.8694475
Huncho Jack,Mel Gibson,Saint Laurent Mask,13291,1568761878.543603
Phi Life Cypher,Kobe Bryant,Herbaholics,13292,1568761880.9137156
Huncho Jack,Michael Jordan,Dubai Shit,13291,1568761881.8773406
Phi Life Cypher,Kobe Bryant,Herbaholics,13292,1568761890.2740707
St. Lunatics,Allen Iverson,Jang A Lang,13288,1568761890.9916565
Young Gunz,LeBron James,B.B. Gun,13287,1568761921.1631799
Stereo MCs,John Williams,Explotar,13288,1568761923.0901127
Playaz Circle,Michael Phelps,Southern Gangsta,13292,1568761925.905973
Playaz Circle,Michael Phelps,Southern Gangsta,13292,1568761928.3484266
Playaz Circle,Michael Phelps,Southern Gangsta (co-starring Rick Ross, Playaz Circle and Ving Rhames),13292,1568761931.254709
Stetsasonic,Bobby Simmons,Uda Man,13288,1568761953.7882175
Stetsasonic,Bobby Simmons,Uda Man,13288,1568761953.7883508
Stetsasonic,Bobby Simmons,Uda Man,13288,1568761953.7884593
Stetsasonic,Bobby Simmons,Uda Man,13288,1568761953.7885492
Stetsasonic,Bobby Simmons,Uda Man,13288,1568761953.7886353
Zion I,Wilt Chamberlain,Human Being,13287,1568761971.1231346
Strong Arm Steady,Hank Williams,Cheeba Cheeba,13288,1568761979.6165416
Injury Reserve,Dennis Rodman,Oh Shit!!!,13291,1568762016.0188243
Pretty Ricky,Reggie Miller,Playhouse,13292,1568762020.9573941
Injury Reserve,Tracy McGrady,Yo,13291,1568762021.3661754
Injury Reserve,Isiah Thomas,Bad Boys 3,13291,1568762030.651523
Injury Reserve,Dennis Rodman,Oh Shit!!!,13291,1568762048.2376502
Masters of Illusion,John Stockton,Step Up,13297,1568762063.9984896
Sunz of Man,Shawn Kemp,Protect Ya Neck II the Zoo,13288,1568762074.2232034
Sunz of Man,Scottie Pippen,Protect Ya Neck II the Zoo,13288,1568762074.223341
Masters of Illusion,John Stockton,Step Up,13297,1568762077.1388912
Pro Era,Michael Jordan,Rosie at Rubber Tracks,13292,1568762113.9455943
Menace Clan,George Carter,Kill Whitey,13297,1568762143.7061539
Swet Shop Boys,Mark Price,Swish Swish,13288,1568762150.0235238
Migos,Reggie Miller,BBO (Bad Bitches Only),13297,1568762156.1097083
Migos,Steve Kerr,Pipe It Up,13297,1568762175.6508586
Smoothe Da Hustler,Jeremy Lin,The 90's Are Back Pt. 2,13288,1568762183.1544383
Jet Life,Tim Duncan,The Business,13291,1568762194.00193
Smoothe Da Hustler,Jeremy Lin,The 90's Are Back Pt. 2,13288,1568762194.7030647
Tha Alkaholiks,Kobe Bryant,Hip Hop Drunkies,13288,1568762236.5191495
Tha Alkaholiks,Kobe Bryant,Hip Hop Drunkies,13288,1568762238.725991
Tha Alkaholiks,Kobe Bryant,Hip Hop Drunkies,13288,1568762241.2458997
Tha Alkaholiks,Glen Rice,Likwidation,13288,1568762248.8929574
Tha Alkaholiks,Reggie Miller,Aww Shit!,13288,1568762253.624229
Mobb Deep,Josh Smith,We Mobb,13297,1568762279.1395648
Monsta Island Czars,Vince Carter,Witchcraft,13297,1568762312.1629212
Rae Sremmurd,Tracy McGrady,This Could Be Us,13292,1568762314.9715009
Moosh and Twist,Gilbert Arenas,Way Too Long,13297,1568762342.445133
Moosh and Twist,Steve Nash,Black Forest Gummy Worms,13297,1568762369.8140955
Moosh and Twist,Pau Gasol,How We Do,13297,1568762371.0656154
Nappy Roots,John Wall,Come Back Home,13297,1568762485.7263827
Nappy Roots,Kyle Korver,Ride,13297,1568762490.9091687
Nappy Roots,Matt Harpring,My Ride,13297,1568762495.509812
A Tribe Called Quest,Bobby Brown,Excursions,13288,1568762511.7179675
A Tribe Called Quest,Chris Paul,Dis Generation,13288,1568762522.3249953
A Tribe Called Quest,John Wall,Dis Generation,13288,1568762522.3251383
A Tribe Called Quest,Ron Carter,Verses from the Abstract,13288,1568762535.9222603
A Tribe Called Quest,Ron Carter,Verses from the Abstract,13288,1568762535.9223964
